metric,value
accuracy,0.9166666666666666
precision,0.75
recall,1.0
f1,0.8571428571428571
roc_auc,1.0
