task,metric_name,class_label,value
CT_TOX,precision,0.0,0.9215017064846417
CT_TOX,precision,1.0,0.4
CT_TOX,recall,0.0,0.989010989010989
CT_TOX,recall,1.0,0.08
CT_TOX,f1,0.0,0.9540636042402827
CT_TOX,f1,1.0,0.13333333333333333
CT_TOX,accuracy,,0.912751677852349
CT_TOX,roc_auc,,0.7906227106227107
